{
    "101": {
        "id": 101,
        "name": "既视感",
        "description": "重开10次",
        "grade": 0,
        "condition": "TMS>9",
        "hide": 0,
        "opportunity": "END"
    },
    "102": {
        "id": 102,
        "name": "孟婆愁",
        "description": "重开50次",
        "grade": 1,
        "condition": "TMS>49",
        "hide": 0,
        "opportunity": "END"
    },
    "103": {
        "id": 103,
        "name": "所有人都是我",
        "description": "重开200次",
        "grade": 2,
        "condition": "TMS>199",
        "hide": 0,
        "opportunity": "END"
    },
    "104": {
        "id": 104,
        "name": "Rewrite",
        "description": "重开500次",
        "grade": 3,
        "condition": "TMS>499",
        "hide": 0,
        "opportunity": "END"
    },
    "105": {
        "id": 105,
        "name": "老了老了",
        "description": "活到80岁",
        "grade": 0,
        "condition": "HAGE>79",
        "hide": 0,
        "opportunity": "TRAJECTORY"
    },
    "106": {
        "id": 106,
        "name": "寿比南山",
        "description": "活到90岁",
        "grade": 1,
        "condition": "HAGE>89",
        "hide": 0,
        "opportunity": "TRAJECTORY"
    },
    "107": {
        "id": 107,
        "name": "他",
        "description": "活到100岁",
        "grade": 2,
        "condition": "HAGE>99",
        "hide": 0,
        "opportunity": "TRAJECTORY"
    },
    "108": {
        "id": 108,
        "name": "劫难",
        "description": "活到500岁",
        "grade": 3,
        "condition": "HAGE>499",
        "hide": 1,
        "opportunity": "TRAJECTORY"
    },
    "109": {
        "id": 109,
        "name": "虚假的天空",
        "description": "飞升仙界",
        "grade": 3,
        "condition": "EVT?[10409,40050]",
        "hide": 1,
        "opportunity": "TRAJECTORY"
    },
    "110": {
        "id": 110,
        "name": "世界一心",
        "description": "悟出天道",
        "grade": 3,
        "condition": "EVT?[20367]",
        "hide": 0,
        "opportunity": "TRAJECTORY"
    },
    "111": {
        "id": 111,
        "name": "执念",
        "description": "转世后飞升",
        "grade": 2,
        "condition": "(EVT?[10409,40050])&(EVT?[20409])",
        "hide": 1,
        "opportunity": "TRAJECTORY"
    },
    "112": {
        "id": 112,
        "name": "倒霉修士",
        "description": "转世后被车撞死",
        "grade": 2,
        "condition": "(EVT?[11219])&(EVT?[20409])",
        "hide": 1,
        "opportunity": "TRAJECTORY"
    },
    "113": {
        "id": 113,
        "name": "革命家",
        "description": "悟透马克思主义",
        "grade": 0,
        "condition": "EVT?[20382]",
        "hide": 0,
        "opportunity": "TRAJECTORY"
    },
    "114": {
        "id": 114,
        "name": "这是什么",
        "description": "学会魔法",
        "grade": 2,
        "condition": "(EVT?[20383])|(EVT?[11451])",
        "hide": 0,
        "opportunity": "TRAJECTORY"
    },
    "115": {
        "id": 115,
        "name": "迷信",
        "description": "被玉佩救一命",
        "grade": 0,
        "condition": "EVT?[10004]",
        "hide": 1,
        "opportunity": "TRAJECTORY"
    },
    "116": {
        "id": 116,
        "name": "倾城",
        "description": "颜值大于10",
        "grade": 0,
        "condition": "HCHR>10",
        "hide": 0,
        "opportunity": "TRAJECTORY"
    },
    "117": {
        "id": 117,
        "name": "天才",
        "description": "智力大于10",
        "grade": 0,
        "condition": "HINT>10",
        "hide": 0,
        "opportunity": "TRAJECTORY"
    },
    "118": {
        "id": 118,
        "name": "超人",
        "description": "体质大于10",
        "grade": 0,
        "condition": "HSTR>10",
        "hide": 0,
        "opportunity": "TRAJECTORY"
    },
    "119": {
        "id": 119,
        "name": "资本家",
        "description": "家境大于10",
        "grade": 0,
        "condition": "HMNY>10",
        "hide": 0,
        "opportunity": "TRAJECTORY"
    },
    "120": {
        "id": 120,
        "name": "无忧",
        "description": "快乐大于10",
        "grade": 0,
        "condition": "HSPR>10",
        "hide": 0,
        "opportunity": "TRAJECTORY"
    },
    "121": {
        "id": 121,
        "name": "倾国",
        "description": "颜值大于12",
        "grade": 1,
        "condition": "HCHR>12",
        "hide": 0,
        "opportunity": "TRAJECTORY"
    },
    "122": {
        "id": 122,
        "name": "非人",
        "description": "智力大于12",
        "grade": 1,
        "condition": "HINT>12",
        "hide": 0,
        "opportunity": "TRAJECTORY"
    },
    "123": {
        "id": 123,
        "name": "无敌手",
        "description": "体质大于12",
        "grade": 1,
        "condition": "HSTR>12",
        "hide": 0,
        "opportunity": "TRAJECTORY"
    },
    "124": {
        "id": 124,
        "name": "首富",
        "description": "家境大于12",
        "grade": 1,
        "condition": "HMNY>12",
        "hide": 0,
        "opportunity": "TRAJECTORY"
    },
    "125": {
        "id": 125,
        "name": "命运钟爱",
        "description": "快乐大于12",
        "grade": 1,
        "condition": "HSPR>12",
        "hide": 0,
        "opportunity": "TRAJECTORY"
    },
    "126": {
        "id": 126,
        "name": "仙王",
        "description": "体质大于2500",
        "grade": 3,
        "condition": "HSTR>2500",
        "hide": 1,
        "opportunity": "TRAJECTORY"
    },
    "127": {
        "id": 127,
        "name": "无我",
        "description": "快乐大于20",
        "grade": 2,
        "condition": "HSPR>20",
        "hide": 0,
        "opportunity": "TRAJECTORY"
    },
    "128": {
        "id": 128,
        "name": "下凡",
        "description": "颜值大于20",
        "grade": 2,
        "condition": "HCHR>20",
        "hide": 0,
        "opportunity": "TRAJECTORY"
    },
    "129": {
        "id": 129,
        "name": "道祖",
        "description": "智力大于1000",
        "grade": 3,
        "condition": "HINT>1000",
        "hide": 1,
        "opportunity": "TRAJECTORY"
    },
    "130": {
        "id": 130,
        "name": "萌萌二次元",
        "description": "成为萌二",
        "grade": 0,
        "condition": "EVT?[20007]",
        "hide": 0,
        "opportunity": "TRAJECTORY"
    },
    "131": {
        "id": 131,
        "name": "见世面",
        "description": "随父母进城务工",
        "grade": 1,
        "condition": "EVT?[10025]",
        "hide": 0,
        "opportunity": "TRAJECTORY"
    },
    "132": {
        "id": 132,
        "name": "糟糕",
        "description": "被绑架了",
        "grade": 0,
        "condition": "EVT?[10031]",
        "hide": 0,
        "opportunity": "TRAJECTORY"
    },
    "133": {
        "id": 133,
        "name": "因为你才是",
        "description": "上王者",
        "grade": 1,
        "condition": "EVT?[20037]",
        "hide": 0,
        "opportunity": "TRAJECTORY"
    },
    "134": {
        "id": 134,
        "name": "大佬",
        "description": "当上女装主播",
        "grade": 1,
        "condition": "EVT?[20055]",
        "hide": 0,
        "opportunity": "TRAJECTORY"
    },
    "135": {
        "id": 135,
        "name": "大宗师",
        "description": "学会养生",
        "grade": 1,
        "condition": "EVT?[10056]",
        "hide": 0,
        "opportunity": "TRAJECTORY"
    },
    "136": {
        "id": 136,
        "name": "社会悲剧",
        "description": "被活埋",
        "grade": 0,
        "condition": "EVT?[10063]",
        "hide": 1,
        "opportunity": "TRAJECTORY"
    },
    "137": {
        "id": 137,
        "name": "甜甜花酿鸟",
        "description": "吃鸟肉",
        "grade": 0,
        "condition": "EVT?[10068]",
        "hide": 0,
        "opportunity": "TRAJECTORY"
    },
    "138": {
        "id": 138,
        "name": "为了生活",
        "description": "嫁给程序员",
        "grade": 0,
        "condition": "EVT?[10088]",
        "hide": 0,
        "opportunity": "TRAJECTORY"
    },
    "139": {
        "id": 139,
        "name": "天外来客",
        "description": "被外星人抓走",
        "grade": 0,
        "condition": "EVT?[10090]",
        "hide": 0,
        "opportunity": "TRAJECTORY"
    },
    "140": {
        "id": 140,
        "name": "都没",
        "description": "天生无性",
        "grade": 1,
        "condition": "EVT?[10110]",
        "hide": 0,
        "opportunity": "TRAJECTORY"
    },
    "141": {
        "id": 141,
        "name": "都有",
        "description": "天生双性",
        "grade": 1,
        "condition": "EVT?[10111]",
        "hide": 0,
        "opportunity": "TRAJECTORY"
    },
    "142": {
        "id": 142,
        "name": "好学生",
        "description": "成为三好标兵",
        "grade": 0,
        "condition": "EVT?[10874,10876,10133]",
        "hide": 0,
        "opportunity": "TRAJECTORY"
    },
    "143": {
        "id": 143,
        "name": "门萨会员",
        "description": "IQ测试140以上",
        "grade": 0,
        "condition": "EVT?[10136,10851]",
        "hide": 0,
        "opportunity": "TRAJECTORY"
    },
    "144": {
        "id": 144,
        "name": "好运来",
        "description": "彩票中奖",
        "grade": 1,
        "condition": "EVT?[10158,11401,10159]",
        "hide": 0,
        "opportunity": "TRAJECTORY"
    },
    "145": {
        "id": 145,
        "name": "学习困难",
        "description": "留级",
        "grade": 0,
        "condition": "EVT?[10160]",
        "hide": 0,
        "opportunity": "TRAJECTORY"
    },
    "146": {
        "id": 146,
        "name": "我们是冠军",
        "description": "多次电竞夺冠",
        "grade": 1,
        "condition": "EVT?[10193]",
        "hide": 0,
        "opportunity": "TRAJECTORY"
    },
    "147": {
        "id": 147,
        "name": "载入",
        "description": "夺得奥运金牌",
        "grade": 2,
        "condition": "EVT?[10208]",
        "hide": 0,
        "opportunity": "TRAJECTORY"
    },
    "148": {
        "id": 148,
        "name": "史册",
        "description": "打破世界纪录",
        "grade": 3,
        "condition": "EVT?[10209]",
        "hide": 1,
        "opportunity": "TRAJECTORY"
    },
    "149": {
        "id": 149,
        "name": "偏要试试",
        "description": "翻墙摔死",
        "grade": 0,
        "condition": "EVT?[20213]",
        "hide": 0,
        "opportunity": "TRAJECTORY"
    },
    "150": {
        "id": 150,
        "name": "莽撞",
        "description": "被黑社会打死",
        "grade": 0,
        "condition": "EVT?[20215]",
        "hide": 0,
        "opportunity": "TRAJECTORY"
    },
    "151": {
        "id": 151,
        "name": "黑暗",
        "description": "被判处死刑",
        "grade": 0,
        "condition": "EVT?[10249]",
        "hide": 0,
        "opportunity": "TRAJECTORY"
    },
    "152": {
        "id": 152,
        "name": "小官",
        "description": "当上村委书记",
        "grade": 1,
        "condition": "EVT?[10265]",
        "hide": 0,
        "opportunity": "TRAJECTORY"
    },
    "153": {
        "id": 153,
        "name": "入伍",
        "description": "当兵",
        "grade": 0,
        "condition": "EVT?[10259]",
        "hide": 0,
        "opportunity": "TRAJECTORY"
    },
    "154": {
        "id": 154,
        "name": "安详",
        "description": "睡梦中离世",
        "grade": 0,
        "condition": "EVT?[10310,10294,10657]",
        "hide": 0,
        "opportunity": "TRAJECTORY"
    },
    "155": {
        "id": 155,
        "name": "山海经",
        "description": "去西藏和夏威夷",
        "grade": 1,
        "condition": "(AEVT?[10644])&(AEVT?[10732,10299])",
        "hide": 0,
        "opportunity": "TRAJECTORY"
    },
    "156": {
        "id": 156,
        "name": "卧床",
        "description": "瘫痪",
        "grade": 0,
        "condition": "EVT?[10315]",
        "hide": 0,
        "opportunity": "TRAJECTORY"
    },
    "157": {
        "id": 157,
        "name": "落泪",
        "description": "得到小师妹戒指",
        "grade": 1,
        "condition": "EVT?[20343]",
        "hide": 0,
        "opportunity": "TRAJECTORY"
    },
    "158": {
        "id": 158,
        "name": "妖孽",
        "description": "成为亲传弟子",
        "grade": 1,
        "condition": "EVT?[20348,40015]",
        "hide": 1,
        "opportunity": "TRAJECTORY"
    },
    "159": {
        "id": 159,
        "name": "不可能",
        "description": "反杀元婴大能",
        "grade": 2,
        "condition": "EVT?[10360]",
        "hide": 1,
        "opportunity": "TRAJECTORY"
    },
    "160": {
        "id": 160,
        "name": "掌控混沌",
        "description": "悟出混沌大道",
        "grade": 2,
        "condition": "EVT?[10388,40036]",
        "hide": 1,
        "opportunity": "TRAJECTORY"
    },
    "161": {
        "id": 161,
        "name": "婆罗门",
        "description": "成为动漫婆罗门",
        "grade": 0,
        "condition": "EVT?[20410]",
        "hide": 0,
        "opportunity": "TRAJECTORY"
    },
    "162": {
        "id": 162,
        "name": "吃啥补啥",
        "description": "购买一份大脑",
        "grade": 2,
        "condition": "EVT?[20421]",
        "hide": 0,
        "opportunity": "TRAJECTORY"
    },
    "163": {
        "id": 163,
        "name": "天灾",
        "description": "见证9级地震",
        "grade": 1,
        "condition": "EVT?[10425]",
        "hide": 0,
        "opportunity": "TRAJECTORY"
    },
    "164": {
        "id": 164,
        "name": "伟大时刻",
        "description": "见证台湾回归",
        "grade": 0,
        "condition": "EVT?[10426]",
        "hide": 0,
        "opportunity": "TRAJECTORY"
    },
    "165": {
        "id": 165,
        "name": "告一段落",
        "description": "见证新冠清零",
        "grade": 0,
        "condition": "EVT?[10437]",
        "hide": 0,
        "opportunity": "TRAJECTORY"
    },
    "166": {
        "id": 166,
        "name": "川建国",
        "description": "特朗普革命成功",
        "grade": 1,
        "condition": "(EVT?[10452])&(EVT?[10460])",
        "hide": 1,
        "opportunity": "TRAJECTORY"
    },
    "167": {
        "id": 167,
        "name": "二等奖",
        "description": "中奖电冰箱",
        "grade": 2,
        "condition": "EVT?[10466]",
        "hide": 0,
        "opportunity": "TRAJECTORY"
    },
    "168": {
        "id": 168,
        "name": "一等奖",
        "description": "中奖七日游",
        "grade": 3,
        "condition": "EVT?[10467]",
        "hide": 0,
        "opportunity": "TRAJECTORY"
    },
    "169": {
        "id": 169,
        "name": "江南皮革厂",
        "description": "工厂倒闭了",
        "grade": 0,
        "condition": "EVT?[10473]",
        "hide": 0,
        "opportunity": "TRAJECTORY"
    },
    "170": {
        "id": 170,
        "name": "速通玩家",
        "description": "你活了0岁",
        "grade": 0,
        "condition": "EVT?[10494]",
        "hide": 0,
        "opportunity": "TRAJECTORY"
    },
    "171": {
        "id": 171,
        "name": "斗牛士",
        "description": "学会西班牙语",
        "grade": 1,
        "condition": "EVT?[10512]",
        "hide": 0,
        "opportunity": "TRAJECTORY"
    },
    "172": {
        "id": 172,
        "name": "爆头",
        "description": "被枪击",
        "grade": 0,
        "condition": "EVT?[20534,20567,10576]",
        "hide": 0,
        "opportunity": "TRAJECTORY"
    },
    "173": {
        "id": 173,
        "name": "是人吗",
        "description": "躲过子弹",
        "grade": 1,
        "condition": "EVT?[20576]",
        "hide": 0,
        "opportunity": "TRAJECTORY"
    },
    "174": {
        "id": 174,
        "name": "小歌星",
        "description": "唱歌比赛第一",
        "grade": 0,
        "condition": "EVT?[20529]",
        "hide": 0,
        "opportunity": "TRAJECTORY"
    },
    "175": {
        "id": 175,
        "name": "小天文家",
        "description": "得到天文望远镜",
        "grade": 1,
        "condition": "EVT?[20557]",
        "hide": 0,
        "opportunity": "TRAJECTORY"
    },
    "176": {
        "id": 176,
        "name": "霓虹人",
        "description": "学会日语",
        "grade": 1,
        "condition": "EVT?[10569,10891]",
        "hide": 0,
        "opportunity": "TRAJECTORY"
    },
    "177": {
        "id": 177,
        "name": "培养爱心",
        "description": "认养一只金鱼",
        "grade": 0,
        "condition": "EVT?[10573]",
        "hide": 0,
        "opportunity": "TRAJECTORY"
    },
    "178": {
        "id": 178,
        "name": "小侦探",
        "description": "寻找枪击凶手",
        "grade": 1,
        "condition": "EVT?[20573]",
        "hide": 0,
        "opportunity": "TRAJECTORY"
    },
    "179": {
        "id": 179,
        "name": "未名湖",
        "description": "上了北大",
        "grade": 1,
        "condition": "EVT?[10587,11072,11074]",
        "hide": 0,
        "opportunity": "TRAJECTORY"
    },
    "180": {
        "id": 180,
        "name": "佛了",
        "description": "上了哈佛",
        "grade": 1,
        "condition": "EVT?[11070,10580,20580]",
        "hide": 0,
        "opportunity": "TRAJECTORY"
    },
    "181": {
        "id": 181,
        "name": "卷王",
        "description": "拿到奖学金",
        "grade": 0,
        "condition": "EVT?[10602]",
        "hide": 0,
        "opportunity": "TRAJECTORY"
    },
    "182": {
        "id": 182,
        "name": "人生赢家",
        "description": "成为世界首富",
        "grade": 2,
        "condition": "EVT?[10646]",
        "hide": 0,
        "opportunity": "TRAJECTORY"
    },
    "183": {
        "id": 183,
        "name": "麻了",
        "description": "上了MIT",
        "grade": 1,
        "condition": "EVT?[10582]",
        "hide": 0,
        "opportunity": "TRAJECTORY"
    },
    "184": {
        "id": 184,
        "name": "丑闻",
        "description": "孩子被退学",
        "grade": 1,
        "condition": "EVT?[20647]",
        "hide": 0,
        "opportunity": "TRAJECTORY"
    },
    "185": {
        "id": 185,
        "name": "冬眠",
        "description": "死后冷冻尸体",
        "grade": 0,
        "condition": "EVT?[10659]",
        "hide": 0,
        "opportunity": "TRAJECTORY"
    },
    "186": {
        "id": 186,
        "name": "学王",
        "description": "发表一作NATURE",
        "grade": 1,
        "condition": "EVT?[10670]",
        "hide": 0,
        "opportunity": "TRAJECTORY"
    },
    "187": {
        "id": 187,
        "name": "巅峰",
        "description": "获得诺贝尔奖",
        "grade": 2,
        "condition": "EVT?[10679,10680,10681]",
        "hide": 0,
        "opportunity": "TRAJECTORY"
    },
    "188": {
        "id": 188,
        "name": "宇宙真理",
        "description": "发现大统一模型",
        "grade": 3,
        "condition": "EVT?[10715]",
        "hide": 1,
        "opportunity": "TRAJECTORY"
    },
    "189": {
        "id": 189,
        "name": "女权主义",
        "description": "参与女权活动",
        "grade": 1,
        "condition": "EVT?[10754,10755]",
        "hide": 0,
        "opportunity": "TRAJECTORY"
    },
    "190": {
        "id": 190,
        "name": "绝绝子",
        "description": "看到绝绝子消息",
        "grade": 1,
        "condition": "EVT?[10778]",
        "hide": 1,
        "opportunity": "TRAJECTORY"
    },
    "191": {
        "id": 191,
        "name": "开挂",
        "description": "捡到破碎仙器",
        "grade": 1,
        "condition": "EVT?[10789]",
        "hide": 1,
        "opportunity": "TRAJECTORY"
    },
    "192": {
        "id": 192,
        "name": "响应号召",
        "description": "你生了三胎",
        "grade": 0,
        "condition": "EVT?[10831,11243,11244]",
        "hide": 0,
        "opportunity": "TRAJECTORY"
    },
    "193": {
        "id": 193,
        "name": "虫洞",
        "description": "遇到时空错乱",
        "grade": 1,
        "condition": "EVT?[10842]",
        "hide": 0,
        "opportunity": "TRAJECTORY"
    },
    "194": {
        "id": 194,
        "name": "VTB",
        "description": "当上虚拟主播",
        "grade": 1,
        "condition": "EVT?[10954]",
        "hide": 0,
        "opportunity": "TRAJECTORY"
    },
    "195": {
        "id": 195,
        "name": "这下废了",
        "description": "测试结果INFP",
        "grade": 0,
        "condition": "EVT?[10993]",
        "hide": 0,
        "opportunity": "TRAJECTORY"
    },
    "196": {
        "id": 196,
        "name": "鄙视链顶点",
        "description": "测试结果INTJ",
        "grade": 0,
        "condition": "EVT?[10997]",
        "hide": 0,
        "opportunity": "TRAJECTORY"
    },
    "197": {
        "id": 197,
        "name": "花样年华",
        "description": "被评为班花",
        "grade": 1,
        "condition": "EVT?[21011]",
        "hide": 1,
        "opportunity": "TRAJECTORY"
    },
    "198": {
        "id": 198,
        "name": "草样年华",
        "description": "被评为校草",
        "grade": 1,
        "condition": "EVT?[21012]",
        "hide": 1,
        "opportunity": "TRAJECTORY"
    },
    "199": {
        "id": 199,
        "name": "没毛病",
        "description": "品尝去肉牛肉面",
        "grade": 0,
        "condition": "EVT?[11016]",
        "hide": 0,
        "opportunity": "TRAJECTORY"
    },
    "200": {
        "id": 200,
        "name": "黑暗料理",
        "description": "品尝任意怪食物",
        "grade": 0,
        "condition": "EVT?[11017,11018,11019,11020,11030,11032,11033,11034]",
        "hide": 0,
        "opportunity": "TRAJECTORY"
    },
    "201": {
        "id": 201,
        "name": "众神",
        "description": "夺得奥赛金牌",
        "grade": 2,
        "condition": "EVT?[11046]",
        "hide": 0,
        "opportunity": "TRAJECTORY"
    },
    "202": {
        "id": 202,
        "name": "神童",
        "description": "考上少年班",
        "grade": 1,
        "condition": "EVT?[11067]",
        "hide": 0,
        "opportunity": "TRAJECTORY"
    },
    "203": {
        "id": 203,
        "name": "海王",
        "description": "一年多次恋爱",
        "grade": 1,
        "condition": "EVT?[11111]",
        "hide": 1,
        "opportunity": "TRAJECTORY"
    },
    "204": {
        "id": 204,
        "name": "为公",
        "description": "考上公务员",
        "grade": 0,
        "condition": "EVT?[11127]",
        "hide": 0,
        "opportunity": "TRAJECTORY"
    },
    "205": {
        "id": 205,
        "name": "眼中钉",
        "description": "年会上抽到大奖",
        "grade": 2,
        "condition": "EVT?[11143]",
        "hide": 0,
        "opportunity": "TRAJECTORY"
    },
    "206": {
        "id": 206,
        "name": "从头再来",
        "description": "创业失败",
        "grade": 0,
        "condition": "EVT?[11172]",
        "hide": 0,
        "opportunity": "TRAJECTORY"
    },
    "207": {
        "id": 207,
        "name": "懒得动",
        "description": "养了只乌龟",
        "grade": 0,
        "condition": "EVT?[11191]",
        "hide": 0,
        "opportunity": "TRAJECTORY"
    },
    "208": {
        "id": 208,
        "name": "失误",
        "description": "拍戏时意外死亡",
        "grade": 0,
        "condition": "EVT?[11204]",
        "hide": 0,
        "opportunity": "TRAJECTORY"
    },
    "209": {
        "id": 209,
        "name": "自作自受",
        "description": "入狱",
        "grade": 0,
        "condition": "EVT?[11231,11319]",
        "hide": 0,
        "opportunity": "TRAJECTORY"
    },
    "210": {
        "id": 210,
        "name": "规则",
        "description": "因怀孕被辞退",
        "grade": 0,
        "condition": "EVT?[11239]",
        "hide": 0,
        "opportunity": "TRAJECTORY"
    },
    "211": {
        "id": 211,
        "name": "航天梦",
        "description": "上太空旅行",
        "grade": 0,
        "condition": "EVT?[11265]",
        "hide": 0,
        "opportunity": "TRAJECTORY"
    },
    "212": {
        "id": 212,
        "name": "无限能源",
        "description": "电力免费",
        "grade": 0,
        "condition": "EVT?[11272]",
        "hide": 0,
        "opportunity": "TRAJECTORY"
    },
    "213": {
        "id": 213,
        "name": "新人类",
        "description": "你在大脑植入芯片",
        "grade": 1,
        "condition": "EVT?[11274]",
        "hide": 0,
        "opportunity": "TRAJECTORY"
    },
    "214": {
        "id": 214,
        "name": "废人",
        "description": "沉迷虚拟世界",
        "grade": 0,
        "condition": "EVT?[11289]",
        "hide": 0,
        "opportunity": "TRAJECTORY"
    },
    "215": {
        "id": 215,
        "name": "真相？",
        "description": "被世界审判",
        "grade": 0,
        "condition": "EVT?[21306]",
        "hide": 1,
        "opportunity": "TRAJECTORY"
    },
    "216": {
        "id": 216,
        "name": "终极",
        "description": "见证我国共产",
        "grade": 0,
        "condition": "EVT?[11297]",
        "hide": 0,
        "opportunity": "TRAJECTORY"
    },
    "217": {
        "id": 217,
        "name": "废土",
        "description": "世界毁于核战争",
        "grade": 0,
        "condition": "EVT?[11299]",
        "hide": 0,
        "opportunity": "TRAJECTORY"
    },
    "218": {
        "id": 218,
        "name": "拓荒者",
        "description": "人类殖民地外",
        "grade": 0,
        "condition": "EVT?[11301]",
        "hide": 0,
        "opportunity": "TRAJECTORY"
    },
    "219": {
        "id": 219,
        "name": "刷刷刷",
        "description": "集齐橙色天赋",
        "grade": 3,
        "condition": "(ATLT?[1023])&(ATLT?[1048])&(ATLT?[1064])&(ATLT?[1114])&(ATLT?[1135])&(ATLT?[1141])",
        "hide": 0,
        "opportunity": "START"
    },
    "220": {
        "id": 220,
        "name": "逼疯",
        "description": "san值归零而死",
        "grade": 1,
        "condition": "EVT?[11347,11348]",
        "hide": 0,
        "opportunity": "TRAJECTORY"
    },
    "221": {
        "id": 221,
        "name": "记忆呢？",
        "description": "你有其他人格",
        "grade": 1,
        "condition": "EVT?[11349]",
        "hide": 0,
        "opportunity": "TRAJECTORY"
    },
    "222": {
        "id": 222,
        "name": "上路",
        "description": "考取驾照",
        "grade": 0,
        "condition": "EVT?[11374]",
        "hide": 0,
        "opportunity": "TRAJECTORY"
    },
    "223": {
        "id": 223,
        "name": "上天",
        "description": "买了飞车",
        "grade": 0,
        "condition": "EVT?[11410]",
        "hide": 0,
        "opportunity": "TRAJECTORY"
    },
    "224": {
        "id": 224,
        "name": "少儿不宜",
        "description": "你恶堕了",
        "grade": 2,
        "condition": "EVT?[21457]",
        "hide": 0,
        "opportunity": "TRAJECTORY"
    },
    "225": {
        "id": 225,
        "name": "信条",
        "description": "遇到时光倒流",
        "grade": 1,
        "condition": "EVT?[11468,11469,20390]",
        "hide": 0,
        "opportunity": "TRAJECTORY"
    },
    "226": {
        "id": 226,
        "name": "又重开了",
        "description": "穿越到异世界",
        "grade": 2,
        "condition": "EVT?[30002]",
        "hide": 1,
        "opportunity": "TRAJECTORY"
    },
    "227": {
        "id": 227,
        "name": "（2/2）",
        "description": "完成2次乳法",
        "grade": 1,
        "condition": "(AEVT?[10696])&(AEVT?[11462])",
        "hide": 1,
        "opportunity": "TRAJECTORY"
    },
    "228": {
        "id": 228,
        "name": "只通一窍",
        "description": "仅留一个天赋位",
        "grade": 1,
        "condition": "(TLT?[1111])&(TLT?[1130])",
        "hide": 0,
        "opportunity": "START"
    },
    "229": {
        "id": 229,
        "name": "跳跳跳",
        "description": "选过所有胶囊",
        "grade": 2,
        "condition": "(ATLT?[1103])&(ATLT?[1104])&(ATLT?[1105])&(ATLT?[1114])",
        "hide": 0,
        "opportunity": "START"
    },
    "230": {
        "id": 230,
        "name": "冲浪大手",
        "description": "用过各种APP",
        "grade": 1,
        "condition": "(AEVT?[11208])&(AEVT?[11209])&(AEVT?[11210])&(AEVT?[11211])&(AEVT?[11212])",
        "hide": 0,
        "opportunity": "TRAJECTORY"
    },
    "231": {
        "id": 231,
        "name": "归乡",
        "description": "美籍出身回国",
        "grade": 0,
        "condition": "EVT?[10578,10682]",
        "hide": 0,
        "opportunity": "TRAJECTORY"
    },
    "232": {
        "id": 232,
        "name": "白发送黑发",
        "description": "孩子去世",
        "grade": 0,
        "condition": "EVT?[11311]",
        "hide": 0,
        "opportunity": "TRAJECTORY"
    },
    "233": {
        "id": 233,
        "name": "家徒四壁",
        "description": "家境小于0",
        "grade": 0,
        "condition": "LMNY<0",
        "hide": 0,
        "opportunity": "TRAJECTORY"
    },
    "234": {
        "id": 234,
        "name": "生不如死",
        "description": "体质小于0",
        "grade": 0,
        "condition": "LSTR<0",
        "hide": 0,
        "opportunity": "TRAJECTORY"
    },
    "235": {
        "id": 235,
        "name": "回头率拉满",
        "description": "颜值小于0",
        "grade": 0,
        "condition": "LCHR<0",
        "hide": 0,
        "opportunity": "TRAJECTORY"
    },
    "236": {
        "id": 236,
        "name": "智力障碍",
        "description": "智力小于0",
        "grade": 0,
        "condition": "LINT<0",
        "hide": 0,
        "opportunity": "TRAJECTORY"
    },
    "237": {
        "id": 237,
        "name": "网抑云",
        "description": "快乐小于0",
        "grade": 0,
        "condition": "LSPR<0",
        "hide": 0,
        "opportunity": "TRAJECTORY"
    },
    "238": {
        "id": 238,
        "name": "一无所有",
        "description": "家境小于-2",
        "grade": 1,
        "condition": "LMNY<-2",
        "hide": 0,
        "opportunity": "TRAJECTORY"
    },
    "239": {
        "id": 239,
        "name": "不会没死吧",
        "description": "体质小于-2",
        "grade": 1,
        "condition": "LSTR<-2",
        "hide": 0,
        "opportunity": "TRAJECTORY"
    },
    "240": {
        "id": 240,
        "name": "上新闻",
        "description": "颜值小于-2",
        "grade": 1,
        "condition": "LCHR<-2",
        "hide": 0,
        "opportunity": "TRAJECTORY"
    },
    "241": {
        "id": 241,
        "name": "动物",
        "description": "智力小于-2",
        "grade": 1,
        "condition": "LINT<-2",
        "hide": 0,
        "opportunity": "TRAJECTORY"
    },
    "242": {
        "id": 242,
        "name": "绝望",
        "description": "快乐小于-2",
        "grade": 1,
        "condition": "LSPR<-2",
        "hide": 0,
        "opportunity": "TRAJECTORY"
    },
    "243": {
        "id": 243,
        "name": "为人师表",
        "description": "当上老师",
        "grade": 0,
        "condition": "EVT?[11162,11163,10475,11158,10667]",
        "hide": 0,
        "opportunity": "TRAJECTORY"
    },
    "244": {
        "id": 244,
        "name": "圣骑士",
        "description": "学会骑自行车",
        "grade": 0,
        "condition": "EVT?[10864,10175]",
        "hide": 0,
        "opportunity": "TRAJECTORY"
    },
    "245": {
        "id": 245,
        "name": "传奇人物",
        "description": "总评超过120",
        "grade": 0,
        "condition": "SUM>120",
        "hide": 0,
        "opportunity": "SUMMARY"
    },
    "246": {
        "id": 246,
        "name": "不可思议",
        "description": "总评超过150",
        "grade": 1,
        "condition": "SUM>150",
        "hide": 0,
        "opportunity": "SUMMARY"
    },
    "247": {
        "id": 247,
        "name": "大能者",
        "description": "总评超过4000",
        "grade": 2,
        "condition": "SUM>4000",
        "hide": 1,
        "opportunity": "SUMMARY"
    },
    "248": {
        "id": 248,
        "name": "无上存在",
        "description": "总评超过10000",
        "grade": 3,
        "condition": "SUM>10000",
        "hide": 1,
        "opportunity": "SUMMARY"
    },
    "249": {
        "id": 249,
        "name": "太古仙传",
        "description": "突破到净息境",
        "grade": 1,
        "condition": "EVT?[40001]",
        "hide": 1,
        "opportunity": "TRAJECTORY"
    },
    "250": {
        "id": 250,
        "name": "嫁衣",
        "description": "被夺舍",
        "grade": 1,
        "condition": "EVT?[40033]",
        "hide": 1,
        "opportunity": "TRAJECTORY"
    },
    "251": {
        "id": 251,
        "name": "破碎虚空",
        "description": "撕裂世界之壁",
        "grade": 2,
        "condition": "EVT?[40040]",
        "hide": 1,
        "opportunity": "TRAJECTORY"
    },
    "252": {
        "id": 252,
        "name": "不祥之胎",
        "description": "总评小于0",
        "grade": 2,
        "condition": "SUM<0",
        "hide": 0,
        "opportunity": "SUMMARY"
    },
    "253": {
        "id": 253,
        "name": "登仙",
        "description": "达到羽化境",
        "grade": 3,
        "condition": "EVT?[40050]",
        "hide": 1,
        "opportunity": "TRAJECTORY"
    },
    "254": {
        "id": 254,
        "name": "千世",
        "description": "踏入凡尘期",
        "grade": 2,
        "condition": "EVT?[40056]",
        "hide": 1,
        "opportunity": "TRAJECTORY"
    },
    "255": {
        "id": 255,
        "name": "星生",
        "description": "达到星尘境",
        "grade": 3,
        "condition": "EVT?[40058]",
        "hide": 1,
        "opportunity": "TRAJECTORY"
    },
    "256": {
        "id": 256,
        "name": "前前前世",
        "description": "得到自己留下的法门",
        "grade": 3,
        "condition": "EVT?[40061]",
        "hide": 1,
        "opportunity": "TRAJECTORY"
    },
    "257": {
        "id": 257,
        "name": "关我啥事",
        "description": "按下某个按钮",
        "grade": 0,
        "condition": "EVT?[21315]",
        "hide": 0,
        "opportunity": "TRAJECTORY"
    },
    "258": {
        "id": 258,
        "name": "实现梦想",
        "description": "开一家二次元公司",
        "grade": 1,
        "condition": "EVT?[11176]",
        "hide": 0,
        "opportunity": "TRAJECTORY"
    },
    "259": {
        "id": 259,
        "name": "你是我的了",
        "description": "夺舍成功",
        "grade": 2,
        "condition": "EVT?[40083,40084]",
        "hide": 1,
        "opportunity": "TRAJECTORY"
    },
    "260": {
        "id": 260,
        "name": "孽魂",
        "description": "被炼进魂幡里",
        "grade": 1,
        "condition": "EVT?[40070]",
        "hide": 1,
        "opportunity": "TRAJECTORY"
    },
    "261": {
        "id": 261,
        "name": "薅羊毛专家",
        "description": "有会员，所以急着投胎",
        "grade": 2,
        "condition": "(TLT?[1122])&(TLT?[1141])",
        "hide": 0,
        "opportunity": "START"
    },
    "262": {
        "id": 262,
        "name": "上当了",
        "description": "太贪婪而被骗",
        "grade": 0,
        "condition": "TLT?[1136]",
        "hide": 1,
        "opportunity": "START"
    }
}